{
  "title": "Research paper",
  "outline": [
    {
      "level": "H3",
      "text": "Mariusz Kruk",
      "page": 1
    },
    {
      "level": "H1",
      "text": "Research paper",
      "page": 1
    },
    {
      "level": "H1",
      "text": "1. Introduction",
      "page": 1
    },
    {
      "level": "H3",
      "text": "English language study: Insights from interview data",
      "page": 1
    },
    {
      "level": "H3",
      "text": "A look at advanced learners’ use of mobile devices for",
      "page": 1
    },
    {
      "level": "H1",
      "text": "2. Literature review",
      "page": 2
    },
    {
      "level": "H1",
      "text": "3. Method",
      "page": 4
    },
    {
      "level": "H3",
      "text": "Languages",
      "page": 4
    },
    {
      "level": "H3",
      "text": "Level",
      "page": 5
    },
    {
      "level": "H3",
      "text": "Student",
      "page": 5
    },
    {
      "level": "H1",
      "text": "4. Findings",
      "page": 5
    },
    {
      "level": "H2",
      "text": "3.80 years (minimum 2, maximum 6 years). 9 (45%) and 11 (55%) of the subjects",
      "page": 5
    },
    {
      "level": "H3",
      "text": "Google",
      "page": 6
    },
    {
      "level": "H3",
      "text": "Minute",
      "page": 6
    },
    {
      "level": "H3",
      "text": "Duolingo",
      "page": 6
    },
    {
      "level": "H3",
      "text": "Voscreen",
      "page": 6
    },
    {
      "level": "H3",
      "text": "Translate",
      "page": 6
    },
    {
      "level": "H3",
      "text": "Fiszkoteka",
      "page": 6
    },
    {
      "level": "H3",
      "text": "Google",
      "page": 7
    },
    {
      "level": "H3",
      "text": "English",
      "page": 7
    },
    {
      "level": "H3",
      "text": "Translate",
      "page": 7
    },
    {
      "level": "H3",
      "text": "Academica",
      "page": 7
    },
    {
      "level": "H1",
      "text": "5. Discussion and conclusions",
      "page": 9
    },
    {
      "level": "H3",
      "text": "Review",
      "page": 10
    },
    {
      "level": "H3",
      "text": "Keengwe",
      "page": 10
    },
    {
      "level": "H3",
      "text": "Promoting",
      "page": 10
    },
    {
      "level": "H1",
      "text": "References",
      "page": 10
    },
    {
      "level": "H3",
      "text": "Computer Assisted",
      "page": 10
    },
    {
      "level": "H3",
      "text": "Language Learning",
      "page": 10
    },
    {
      "level": "H3",
      "text": "The Language Teacher",
      "page": 10
    },
    {
      "level": "H3",
      "text": "Contemporary Educational Technology",
      "page": 10
    },
    {
      "level": "H3",
      "text": "System",
      "page": 11
    },
    {
      "level": "H3",
      "text": "Korean",
      "page": 11
    },
    {
      "level": "H3",
      "text": "Online",
      "page": 11
    },
    {
      "level": "H3",
      "text": "Turkish",
      "page": 11
    },
    {
      "level": "H3",
      "text": "Journal",
      "page": 11
    },
    {
      "level": "H3",
      "text": "December",
      "page": 11
    },
    {
      "level": "H3",
      "text": "Retrieved",
      "page": 11
    },
    {
      "level": "H3",
      "text": "Technology",
      "page": 11
    },
    {
      "level": "H3",
      "text": "Educational",
      "page": 11
    },
    {
      "level": "H3",
      "text": "Language Teaching",
      "page": 11
    },
    {
      "level": "H3",
      "text": "English Language Teaching",
      "page": 11
    },
    {
      "level": "H3",
      "text": "Computer Assisted Language Learning",
      "page": 11
    }
  ]
}